目标板块,匹配板块,类型,匹配分数,匹配方式,1日涨跌幅%,5日涨跌幅%,20日涨跌幅%,成交额放量倍数,主力净流入_今日,主力净占比_今日%,主力净流入_5日,主力净流入_10日,景气度分,短线标签
先进封装/Chiplet,先进封装,concept,1.0,exact:先进封装,-1.339697308772958,2.434684859016145,27.88503351393905,1.5520578071230067,,,9014000000.0,15534000000.0,8.921495977303902,高位强趋势
PCB/CCL/电子布,PCB概念,concept,0.92,contains:PCB,-2.031822742394307,2.319380299903373,21.040917337916333,1.350567811973753,,,3608000000.0,6783000000.0,6.3664410839393515,高位强趋势
存储芯片,存储芯片,concept,1.0,exact:存储芯片,-2.446896659836295,-2.782687838141784,25.771200659015147,1.3719729941657206,,,27222000000.000004,18716000000.0,5.550785027314749,高位强趋势
长鑫/长江存储产业链,存储芯片,concept,1.0,exact:存储芯片,-2.446896659836295,-2.782687838141784,25.771200659015147,1.3719729941657206,,,27222000000.000004,18716000000.0,5.550785027314749,高位强趋势
封测/测试设备,半导体,industry,0.86,contains:半导体测试,-1.2790692311088425,-2.9793405292564024,24.87842670813678,1.352622197197852,-2992000000.0,,26212000000.0,15961000000.000002,5.4402132961551075,高位分歧/谨慎追高
食品饮料/白酒,白酒,industry,1.0,exact:白酒,3.368039957877045,2.174082163636659,-3.2797708204315046,1.8955526775456353,679000000.0,,-617000000.0,-3261999999.9999995,5.256345972490115,低位启动
半导体材料,电子化学品,industry,1.0,exact:电子化学品,-2.4616277566115174,-2.3064549902064857,26.519852709240112,1.218139008989765,,,1309000000.0,3351000000.0,5.0950807889022744,高位强趋势
CPO/硅光,共封装光学(CPO),concept,0.92,contains:CPO,-1.533624440361725,-0.3302839009606151,19.773213315409286,1.2256704634828053,,,2921000000.0,21826000000.0,4.660670727087323,中性轮动
AI手机/AI PC/消费电子,AI手机,concept,1.0,exact:AI手机,-1.2422886236027053,-1.4818733760277092,12.0326007164278,1.203954134011828,,,-3229999999.9999995,7068000000.000001,2.659177407014461,中性轮动
AI芯片/GPU/ASIC,AI PC,concept,0.75,fuzzy:ASIC,-3.03914705357603,-0.8630531621578452,10.760440069104614,1.2426886468695504,,,,,2.455633230698223,中性轮动
AIGC/生成式AI,AI PC,concept,0.75,fuzzy:AIGC,-3.03914705357603,-0.8630531621578452,10.760440069104614,1.2426886468695504,,,,,2.455633230698223,中性轮动
人形机器人,人形机器人,concept,1.0,exact:人形机器人,-2.641238802409218,-2.5517510694316625,8.30560895897321,1.1798675048139207,,,,11210000000.0,1.13909868108132,中性轮动
半导体设备,光刻机,concept,1.0,exact:光刻机,-2.7760308415878177,-5.536036573924019,15.309053397340566,1.0849763789231224,,,,1015000000.0,0.9938736048927552,中性轮动
MR/AR/VR,虚拟现实,concept,1.0,exact:虚拟现实,-2.16289568680319,-3.713176149571018,3.5093859817863837,1.2368826837579612,,,,,0.1540998254365884,中性轮动
商贸零售/奢侈品/旅游酒店,零售,industry,1.0,exact:零售,-0.5321338441622969,-2.5059057782298333,-4.510103320340264,1.3621199654142666,-891000000.0,,-843000000.0,-148000000.0,-0.07491462820962069,资金流出/弱势
智能驾驶/车路云,无人驾驶,concept,1.0,exact:无人驾驶,-2.4697572476009677,-3.434934761945918,1.965215339817461,1.196891571976166,,,,,-0.3186776883569431,中性轮动
减速器/丝杠/电机/传感器,减速器,concept,1.0,exact:减速器,-3.5391380457682087,-4.069701248611435,5.337166514255887,1.028166833122769,,,,,-0.9239555777026218,中性轮动
液冷/数据中心温控,液冷服务器,concept,1.0,exact:液冷服务器,-2.100093884334353,-4.992259754378326,6.655238722264811,0.9660362351176195,,,,20117000000.0,-1.0060807708582251,中性轮动
证券,证券,industry,1.0,exact:证券,-0.9187413091334862,-0.8551431895937989,-1.0774487787296616,0.9337999929532473,-3547000000.0,,-1386000000.0,-4548000000.0,-1.0295381691642225,资金流出/弱势
固态电池/储能/新能源科技,固态电池,concept,1.0,exact:固态电池,-1.6153851754945991,-3.4564188977971977,2.698892067119485,0.981939816566657,,,,,-1.083346153070757,中性轮动
光模块/光通信,通信设备,industry,1.0,exact:通信设备,-2.2458958413381858,-5.852344949395649,4.407644076012418,1.0001686308307545,813000000.0000001,,,5638000000.0,-1.615127931199858,中性轮动
卫星互联网/商业航天,商业航天,concept,1.0,exact:商业航天,-2.1787913277296234,-4.330469512708623,1.4680147210850425,1.005832086586873,,,,,-1.6286592178425687,中性轮动
PEEK材料,PEEK材料,concept,1.0,exact:peek材料,-3.431845468749173,-4.82843147964468,2.764771491982976,0.9922392620627946,,,,,-1.8621695029149041,中性轮动
低空经济/eVTOL,低空经济,concept,1.0,exact:低空经济,-2.3104493243823243,-4.8707146442871,-1.0409021180677436,0.9949525702954096,,,,,-2.4002575625134503,低位观察
AI应用软件,AI应用,concept,1.0,exact:AI应用,-2.5741078529686434,-6.096621054407669,-4.105464237927392,0.9316799422991772,,,,,-3.811332075726005,低位观察
AI智能体/Agent,AI智能体,concept,1.0,exact:AI智能体,-2.7144081433597034,-6.52788058669429,-3.4625308081811523,0.8788706173511022,,,,,-4.1257929088956615,低位观察
医美美妆/美容护理,美容护理,industry,1.0,exact:美容护理,-0.9895240746155443,-4.7824345681096725,-8.891092233109909,0.8790756247724455,-119000000.0,,36000000.0,,-4.254597236521249,滞涨吸金
信创/国产软件,信创,concept,1.0,exact:信创,-3.1816821974271603,-7.328370773483228,-3.400122160077601,0.9182107033310581,,,,,-4.290237125564791,低位观察
多模态AI,多模态AI,concept,1.0,exact:多模态AI,-2.7869348381697745,-7.111003952921536,-3.3136875019331824,0.8788750215277515,,,,,-4.3146007439043705,低位观察
数据要素,数据要素,concept,1.0,exact:数据要素,-2.736747666553163,-7.1000480081768735,-4.54547865508752,0.8191990560218235,,,,,-4.845466787080925,低位观察
化工,化学原料,industry,1.0,exact:化学原料,-2.873417334752948,-6.2979748593455565,-8.393539343044443,0.9101481106186396,,,,,-4.906941983237225,低位观察
AI算力,算力租赁,concept,1.0,exact:算力租赁,-3.286277952673322,-8.89311017193808,-1.907394609536972,0.834830084569707,,,,,-4.977172649771852,低位观察
算力租赁/IDC,算力租赁,concept,1.0,exact:算力租赁,-3.286277952673322,-8.89311017193808,-1.907394609536972,0.834830084569707,,,,,-4.977172649771852,低位观察
网络安全,网络安全,concept,1.0,exact:网络安全,-3.16176566086116,-7.388821031590098,-3.8075665445362783,0.7960321636099688,,,,,-4.999792984086178,低位观察
AI服务器,云计算,concept,1.0,exact:云计算,-3.347168305063941,-8.569122862728262,-3.9890986260962213,0.808462018312793,,,,,-5.424136296622959,低位观察
大模型平台,,,0.0,unmatched,,,,,,,,,,未匹配
