日期,指数代码,指数名称,指数英文名称,成分券代码,成分券名称,成分券英文名称,交易所,交易所英文名称,交易所代码,TickFlow代码
2026-05-20,000300,沪深300,CSI 300,000001,平安银行,"Ping An Bank Co., Ltd.",深圳证券交易所,Shenzhen Stock Exchange,SZ,000001.SZ
2026-05-20,000300,沪深300,CSI 300,000002,万科A,China Vanke Co Ltd,深圳证券交易所,Shenzhen Stock Exchange,SZ,000002.SZ
2026-05-20,000300,沪深300,CSI 300,000063,中兴通讯,ZTE Corporation,深圳证券交易所,Shenzhen Stock Exchange,SZ,000063.SZ
2026-05-20,000300,沪深300,CSI 300,000100,TCL科技,TCL Technology Group Corporation,深圳证券交易所,Shenzhen Stock Exchange,SZ,000100.SZ
2026-05-20,000300,沪深300,CSI 300,000157,中联重科,Zoomlion Heavy Industry Science & Technology Co Ltd,深圳证券交易所,Shenzhen Stock Exchange,SZ,000157.SZ
2026-05-20,000300,沪深300,CSI 300,000166,申万宏源,"Shenwan Hongyuan Group CO., LTD",深圳证券交易所,Shenzhen Stock Exchange,SZ,000166.SZ
2026-05-20,000300,沪深300,CSI 300,000301,东方盛虹,"Jiangsu Eastern Shenghong Co.,Ltd.",深圳证券交易所,Shenzhen Stock Exchange,SZ,000301.SZ
2026-05-20,000300,沪深300,CSI 300,000333,美的集团,"Midea Group CO., LTD",深圳证券交易所,Shenzhen Stock Exchange,SZ,000333.SZ
2026-05-20,000300,沪深300,CSI 300,000338,潍柴动力,Wei Chai Power Co Ltd,深圳证券交易所,Shenzhen Stock Exchange,SZ,000338.SZ
2026-05-20,000300,沪深300,CSI 300,000408,藏格矿业,ZANGGE MINING COMPANY LIMITED,深圳证券交易所,Shenzhen Stock Exchange,SZ,000408.SZ
2026-05-20,000300,沪深300,CSI 300,000425,徐工机械,XCMG Construction Machinery Co Ltd,深圳证券交易所,Shenzhen Stock Exchange,SZ,000425.SZ
2026-05-20,000300,沪深300,CSI 300,000538,云南白药,"Yunnan Baiyao Group Co., Ltd.",深圳证券交易所,Shenzhen Stock Exchange,SZ,000538.SZ
2026-05-20,000300,沪深300,CSI 300,000568,泸州老窖,Luzhou Lao Jiao Co Ltd,深圳证券交易所,Shenzhen Stock Exchange,SZ,000568.SZ
2026-05-20,000300,沪深300,CSI 300,000596,古井贡酒,Anhui Gujing Distillery Co Ltd,深圳证券交易所,Shenzhen Stock Exchange,SZ,000596.SZ
2026-05-20,000300,沪深300,CSI 300,000617,中油资本,CNPC Capital Company Limited,深圳证券交易所,Shenzhen Stock Exchange,SZ,000617.SZ
2026-05-20,000300,沪深300,CSI 300,000625,长安汽车,Chongqing Changan Automobile Co Ltd,深圳证券交易所,Shenzhen Stock Exchange,SZ,000625.SZ
2026-05-20,000300,沪深300,CSI 300,000630,铜陵有色,Tongling Nonferrous Metals Group Co. Ltd,深圳证券交易所,Shenzhen Stock Exchange,SZ,000630.SZ
2026-05-20,000300,沪深300,CSI 300,000651,格力电器,"Gree Electric Appliances,Inc. of Zhuhai",深圳证券交易所,Shenzhen Stock Exchange,SZ,000651.SZ
2026-05-20,000300,沪深300,CSI 300,000661,长春高新,Chang Chun High and New Technology Industry (Group) Inc.,深圳证券交易所,Shenzhen Stock Exchange,SZ,000661.SZ
2026-05-20,000300,沪深300,CSI 300,000708,中信特钢,"CITIC Pacific Special Steel Group Co., Ltd",深圳证券交易所,Shenzhen Stock Exchange,SZ,000708.SZ
2026-05-20,000300,沪深300,CSI 300,000725,京东方A,BOE Technology Group Co Ltd,深圳证券交易所,Shenzhen Stock Exchange,SZ,000725.SZ
2026-05-20,000300,沪深300,CSI 300,000768,中航西飞,AVIC XI'AN AIRCRAFT INDUSTRY GROUP COMPANY LTD.,深圳证券交易所,Shenzhen Stock Exchange,SZ,000768.SZ
2026-05-20,000300,沪深300,CSI 300,000776,广发证券,"GF Securities Co., Ltd.",深圳证券交易所,Shenzhen Stock Exchange,SZ,000776.SZ
2026-05-20,000300,沪深300,CSI 300,000786,北新建材,Beijing New Building Materials Public Ltd Co,深圳证券交易所,Shenzhen Stock Exchange,SZ,000786.SZ
2026-05-20,000300,沪深300,CSI 300,000792,盐湖股份,Qinghai Salt Lake Industry Co Ltd,深圳证券交易所,Shenzhen Stock Exchange,SZ,000792.SZ
2026-05-20,000300,沪深300,CSI 300,000807,云铝股份,Yunnan Aluminium Co Ltd,深圳证券交易所,Shenzhen Stock Exchange,SZ,000807.SZ
2026-05-20,000300,沪深300,CSI 300,000858,五 粮 液,Wuliangye Yibin Co Ltd,深圳证券交易所,Shenzhen Stock Exchange,SZ,000858.SZ
2026-05-20,000300,沪深300,CSI 300,000876,新 希 望,"NEW HOPE LIUHE CO., LTD",深圳证券交易所,Shenzhen Stock Exchange,SZ,000876.SZ
2026-05-20,000300,沪深300,CSI 300,000895,双汇发展,Henan Shuanghui Investment & Development Co Ltd,深圳证券交易所,Shenzhen Stock Exchange,SZ,000895.SZ
2026-05-20,000300,沪深300,CSI 300,000938,紫光股份,"Unisplendour Co., Ltd.",深圳证券交易所,Shenzhen Stock Exchange,SZ,000938.SZ
2026-05-20,000300,沪深300,CSI 300,000963,华东医药,Huadong Medicine Co Ltd,深圳证券交易所,Shenzhen Stock Exchange,SZ,000963.SZ
2026-05-20,000300,沪深300,CSI 300,000975,山金国际,"Shanjin International Gold Co.,Ltd.",深圳证券交易所,Shenzhen Stock Exchange,SZ,000975.SZ
2026-05-20,000300,沪深300,CSI 300,000977,浪潮信息,"Inspur Electronic Information Industry Co.,Ltd",深圳证券交易所,Shenzhen Stock Exchange,SZ,000977.SZ
2026-05-20,000300,沪深300,CSI 300,000983,山西焦煤,"Shanxi Coking Coal Energy Group Co.,Ltd.",深圳证券交易所,Shenzhen Stock Exchange,SZ,000983.SZ
2026-05-20,000300,沪深300,CSI 300,000999,华润三九,China Resources Sanjiu Medical & Pharmaceutical Co Ltd,深圳证券交易所,Shenzhen Stock Exchange,SZ,000999.SZ
2026-05-20,000300,沪深300,CSI 300,001391,国货航,"Air China Cargo Co., Ltd.",深圳证券交易所,Shenzhen Stock Exchange,SZ,001391.SZ
2026-05-20,000300,沪深300,CSI 300,001965,招商公路,"China Merchants Expressway Network Technology Holdings Co., Ltd.",深圳证券交易所,Shenzhen Stock Exchange,SZ,001965.SZ
2026-05-20,000300,沪深300,CSI 300,001979,招商蛇口,"CHINA MERCHANTS SHEKOU INDUSTRIAL ZONE HOLDINGS CO.,LTD",深圳证券交易所,Shenzhen Stock Exchange,SZ,001979.SZ
2026-05-20,000300,沪深300,CSI 300,002001,新和成,Zhejiang NHU Co Ltd,深圳证券交易所,Shenzhen Stock Exchange,SZ,002001.SZ
2026-05-20,000300,沪深300,CSI 300,002027,分众传媒,"Focus Media Information Technology Co., Ltd.",深圳证券交易所,Shenzhen Stock Exchange,SZ,002027.SZ
2026-05-20,000300,沪深300,CSI 300,002028,思源电气,"Siyuan Electric Co., Ltd.",深圳证券交易所,Shenzhen Stock Exchange,SZ,002028.SZ
2026-05-20,000300,沪深300,CSI 300,002049,紫光国微,"Unigroup Guoxin Microelectronics Co., Ltd.",深圳证券交易所,Shenzhen Stock Exchange,SZ,002049.SZ
2026-05-20,000300,沪深300,CSI 300,002050,三花智控,"ZHEJIANG SANHUA INTELLIGENT CONTROLS CO.,LTD.",深圳证券交易所,Shenzhen Stock Exchange,SZ,002050.SZ
2026-05-20,000300,沪深300,CSI 300,002074,国轩高科,"GUOXUAN HIGH-TECH CO.,LTD.",深圳证券交易所,Shenzhen Stock Exchange,SZ,002074.SZ
2026-05-20,000300,沪深300,CSI 300,002142,宁波银行,Bank of Ningbo Co Ltd,深圳证券交易所,Shenzhen Stock Exchange,SZ,002142.SZ
2026-05-20,000300,沪深300,CSI 300,002179,中航光电,"Jonhon Optronic Technology Co.,Ltd",深圳证券交易所,Shenzhen Stock Exchange,SZ,002179.SZ
2026-05-20,000300,沪深300,CSI 300,002230,科大讯飞,"Iflytek Co.,Ltd.",深圳证券交易所,Shenzhen Stock Exchange,SZ,002230.SZ
2026-05-20,000300,沪深300,CSI 300,002236,大华股份,Zhejiang Dahua Technology Co Ltd,深圳证券交易所,Shenzhen Stock Exchange,SZ,002236.SZ
2026-05-20,000300,沪深300,CSI 300,002241,歌尔股份,GoerTek Inc,深圳证券交易所,Shenzhen Stock Exchange,SZ,002241.SZ
2026-05-20,000300,沪深300,CSI 300,002252,上海莱士,Shanghai RAAS Blood Products Co Ltd,深圳证券交易所,Shenzhen Stock Exchange,SZ,002252.SZ
2026-05-20,000300,沪深300,CSI 300,002304,洋河股份,Jiangsu Yanghe Brewery Joint-Stock Co Ltd,深圳证券交易所,Shenzhen Stock Exchange,SZ,002304.SZ
2026-05-20,000300,沪深300,CSI 300,002311,海大集团,Guangdong Haid Group Co Ltd,深圳证券交易所,Shenzhen Stock Exchange,SZ,002311.SZ
2026-05-20,000300,沪深300,CSI 300,002352,顺丰控股,"S.F. Holding Co., Ltd.",深圳证券交易所,Shenzhen Stock Exchange,SZ,002352.SZ
2026-05-20,000300,沪深300,CSI 300,002371,北方华创,"NAURA Technology Group Co.,Ltd.",深圳证券交易所,Shenzhen Stock Exchange,SZ,002371.SZ
2026-05-20,000300,沪深300,CSI 300,002384,东山精密,Suzhou Dongshan Precision Manufacturing Co Ltd,深圳证券交易所,Shenzhen Stock Exchange,SZ,002384.SZ
2026-05-20,000300,沪深300,CSI 300,002415,海康威视,Hangzhou Hikvision Digital Technology Co Ltd,深圳证券交易所,Shenzhen Stock Exchange,SZ,002415.SZ
2026-05-20,000300,沪深300,CSI 300,002422,科伦药业,Sichuan Kelun Pharmaceutical Co Ltd,深圳证券交易所,Shenzhen Stock Exchange,SZ,002422.SZ
2026-05-20,000300,沪深300,CSI 300,002459,晶澳科技,"JA Solar Technology Co., Ltd.",深圳证券交易所,Shenzhen Stock Exchange,SZ,002459.SZ
2026-05-20,000300,沪深300,CSI 300,002460,赣锋锂业,Ganfeng Lithium Co Ltd,深圳证券交易所,Shenzhen Stock Exchange,SZ,002460.SZ
2026-05-20,000300,沪深300,CSI 300,002463,沪电股份,Wus Printed Circuit (Kunshan) Co Ltd,深圳证券交易所,Shenzhen Stock Exchange,SZ,002463.SZ
2026-05-20,000300,沪深300,CSI 300,002466,天齐锂业,"Tianqi Lithium Industries, Inc.",深圳证券交易所,Shenzhen Stock Exchange,SZ,002466.SZ
2026-05-20,000300,沪深300,CSI 300,002475,立讯精密,"Luxshare Precision Industry Co., Ltd.",深圳证券交易所,Shenzhen Stock Exchange,SZ,002475.SZ
2026-05-20,000300,沪深300,CSI 300,002493,荣盛石化,Rongsheng Petro Chemical Co Ltd,深圳证券交易所,Shenzhen Stock Exchange,SZ,002493.SZ
2026-05-20,000300,沪深300,CSI 300,002594,比亚迪,BYD Co Ltd,深圳证券交易所,Shenzhen Stock Exchange,SZ,002594.SZ
2026-05-20,000300,沪深300,CSI 300,002600,领益智造,LINGYI iTECH (GUANGDONG) COMPANY,深圳证券交易所,Shenzhen Stock Exchange,SZ,002600.SZ
2026-05-20,000300,沪深300,CSI 300,002601,龙佰集团,"LB Group Co., Ltd.",深圳证券交易所,Shenzhen Stock Exchange,SZ,002601.SZ
2026-05-20,000300,沪深300,CSI 300,002625,光启技术,"Kuang-Chi Technologies Co., Ltd.",深圳证券交易所,Shenzhen Stock Exchange,SZ,002625.SZ
2026-05-20,000300,沪深300,CSI 300,002648,卫星化学,"SATELLITE CHEMICAL CO., LTD.",深圳证券交易所,Shenzhen Stock Exchange,SZ,002648.SZ
2026-05-20,000300,沪深300,CSI 300,002709,天赐材料,"Guangzhou Tinci Materials Technology Co., Ltd",深圳证券交易所,Shenzhen Stock Exchange,SZ,002709.SZ
2026-05-20,000300,沪深300,CSI 300,002714,牧原股份,"Muyuan Foodstuff Co., Ltd",深圳证券交易所,Shenzhen Stock Exchange,SZ,002714.SZ
2026-05-20,000300,沪深300,CSI 300,002736,国信证券,"GUOSEN SECURITIES CO., LTD.",深圳证券交易所,Shenzhen Stock Exchange,SZ,002736.SZ
2026-05-20,000300,沪深300,CSI 300,002916,深南电路,"Shennan Circuits Co., Ltd.",深圳证券交易所,Shenzhen Stock Exchange,SZ,002916.SZ
2026-05-20,000300,沪深300,CSI 300,002920,德赛西威,"Huizhou Desay SV Automotive Co., Ltd.",深圳证券交易所,Shenzhen Stock Exchange,SZ,002920.SZ
2026-05-20,000300,沪深300,CSI 300,002938,鹏鼎控股,"Avary Holding (Shenzhen) Co., Limited",深圳证券交易所,Shenzhen Stock Exchange,SZ,002938.SZ
2026-05-20,000300,沪深300,CSI 300,003816,中国广核,"CGN Power Co., Ltd.",深圳证券交易所,Shenzhen Stock Exchange,SZ,003816.SZ
2026-05-20,000300,沪深300,CSI 300,300014,亿纬锂能,Eve Energy Co Ltd,深圳证券交易所,Shenzhen Stock Exchange,SZ,300014.SZ
2026-05-20,000300,沪深300,CSI 300,300015,爱尔眼科,Aier Eye Hospital Group Co Ltd,深圳证券交易所,Shenzhen Stock Exchange,SZ,300015.SZ
2026-05-20,000300,沪深300,CSI 300,300033,同花顺,"Hithink Royalflush Information Network Co.,Ltd.",深圳证券交易所,Shenzhen Stock Exchange,SZ,300033.SZ
2026-05-20,000300,沪深300,CSI 300,300059,东方财富,East Money Information Co Ltd,深圳证券交易所,Shenzhen Stock Exchange,SZ,300059.SZ
2026-05-20,000300,沪深300,CSI 300,300122,智飞生物,Chongqing Zhifei Biological Products Co Ltd,深圳证券交易所,Shenzhen Stock Exchange,SZ,300122.SZ
2026-05-20,000300,沪深300,CSI 300,300124,汇川技术,Shenzhen Inovance Technology Co Ltd,深圳证券交易所,Shenzhen Stock Exchange,SZ,300124.SZ
2026-05-20,000300,沪深300,CSI 300,300251,光线传媒,Beijing Enlight Media Co Ltd,深圳证券交易所,Shenzhen Stock Exchange,SZ,300251.SZ
2026-05-20,000300,沪深300,CSI 300,300274,阳光电源,Sungrow Power Supply Co Ltd,深圳证券交易所,Shenzhen Stock Exchange,SZ,300274.SZ
2026-05-20,000300,沪深300,CSI 300,300308,中际旭创,"ZHONGJI INNOLIGHT CO., LTD.",深圳证券交易所,Shenzhen Stock Exchange,SZ,300308.SZ
2026-05-20,000300,沪深300,CSI 300,300316,晶盛机电,"Zhejiang Jingsheng Mechanical & Electrical Co., Ltd.",深圳证券交易所,Shenzhen Stock Exchange,SZ,300316.SZ
2026-05-20,000300,沪深300,CSI 300,300347,泰格医药,"Hangzhou Tigermed Consulting Co., Ltd.",深圳证券交易所,Shenzhen Stock Exchange,SZ,300347.SZ
2026-05-20,000300,沪深300,CSI 300,300394,天孚通信,"Suzhou TFC Optical Communication Co., Ltd.",深圳证券交易所,Shenzhen Stock Exchange,SZ,300394.SZ
2026-05-20,000300,沪深300,CSI 300,300408,三环集团,"CHAOZHOU THREE-CIRCLE(GROUP)CO.,LTD",深圳证券交易所,Shenzhen Stock Exchange,SZ,300408.SZ
2026-05-20,000300,沪深300,CSI 300,300413,芒果超媒,"Mango Excellent Media Co., Ltd.",深圳证券交易所,Shenzhen Stock Exchange,SZ,300413.SZ
2026-05-20,000300,沪深300,CSI 300,300418,昆仑万维,"Beijing Kunlun Tech Co., Ltd.",深圳证券交易所,Shenzhen Stock Exchange,SZ,300418.SZ
2026-05-20,000300,沪深300,CSI 300,300433,蓝思科技,"Lens Technology Co., Ltd.",深圳证券交易所,Shenzhen Stock Exchange,SZ,300433.SZ
2026-05-20,000300,沪深300,CSI 300,300442,润泽科技,Range Intelligent Computing Technology Group Company Limited,深圳证券交易所,Shenzhen Stock Exchange,SZ,300442.SZ
2026-05-20,000300,沪深300,CSI 300,300476,胜宏科技,"Victory Giant Technology (HuiZhou)Co.,Ltd.",深圳证券交易所,Shenzhen Stock Exchange,SZ,300476.SZ
2026-05-20,000300,沪深300,CSI 300,300498,温氏股份,"GUANGDONGWENSFOODSTUFFGROUPCO.,LTD",深圳证券交易所,Shenzhen Stock Exchange,SZ,300498.SZ
2026-05-20,000300,沪深300,CSI 300,300502,新易盛,"Eoptolink Technology Inc., Ltd",深圳证券交易所,Shenzhen Stock Exchange,SZ,300502.SZ
2026-05-20,000300,沪深300,CSI 300,300628,亿联网络,YEALINK NETWORK TECHNOLOGY CORPORATION LIMITED,深圳证券交易所,Shenzhen Stock Exchange,SZ,300628.SZ
2026-05-20,000300,沪深300,CSI 300,300661,圣邦股份,SG Micro Corp.,深圳证券交易所,Shenzhen Stock Exchange,SZ,300661.SZ
2026-05-20,000300,沪深300,CSI 300,300750,宁德时代,"Contemporary Amperex Technology Co., Limited.",深圳证券交易所,Shenzhen Stock Exchange,SZ,300750.SZ
2026-05-20,000300,沪深300,CSI 300,300759,康龙化成,"Pharmaron Beijing Co., Ltd.",深圳证券交易所,Shenzhen Stock Exchange,SZ,300759.SZ
2026-05-20,000300,沪深300,CSI 300,300760,迈瑞医疗,"Shenzhen Mindray Bio-Medical Electronics Co., Ltd.",深圳证券交易所,Shenzhen Stock Exchange,SZ,300760.SZ
2026-05-20,000300,沪深300,CSI 300,300782,卓胜微,Maxscend Microelectronics Company Limited,深圳证券交易所,Shenzhen Stock Exchange,SZ,300782.SZ
2026-05-20,000300,沪深300,CSI 300,300803,指南针,"Beijing Compass Technology Development Co., Ltd.",深圳证券交易所,Shenzhen Stock Exchange,SZ,300803.SZ
2026-05-20,000300,沪深300,CSI 300,300832,新产业,"Shenzhen New Industries Biomedical Engineering Co., Ltd.",深圳证券交易所,Shenzhen Stock Exchange,SZ,300832.SZ
2026-05-20,000300,沪深300,CSI 300,300866,安克创新,"Anker Innovations Technology Co., Ltd",深圳证券交易所,Shenzhen Stock Exchange,SZ,300866.SZ
2026-05-20,000300,沪深300,CSI 300,300896,爱美客,"IMEIK TECHNOLOGY DEVELOPMENT CO.,LTD.",深圳证券交易所,Shenzhen Stock Exchange,SZ,300896.SZ
2026-05-20,000300,沪深300,CSI 300,300979,华利集团,Huali Industrial Group Company Limited,深圳证券交易所,Shenzhen Stock Exchange,SZ,300979.SZ
2026-05-20,000300,沪深300,CSI 300,300999,金龙鱼,"Yihai Kerry Arawana Holdings Co., Ltd",深圳证券交易所,Shenzhen Stock Exchange,SZ,300999.SZ
2026-05-20,000300,沪深300,CSI 300,301236,软通动力,"iSoftStone Information Technology (Group) Co., Ltd.",深圳证券交易所,Shenzhen Stock Exchange,SZ,301236.SZ
2026-05-20,000300,沪深300,CSI 300,301269,华大九天,"Empyrean Technology Co., Ltd.",深圳证券交易所,Shenzhen Stock Exchange,SZ,301269.SZ
2026-05-20,000300,沪深300,CSI 300,302132,中航成飞,AVIC CHENGDU AIRCRAFT COMPANY LIMITED,深圳证券交易所,Shenzhen Stock Exchange,SZ,302132.SZ
2026-05-20,000300,沪深300,CSI 300,600000,浦发银行,Shanghai Pudong Development Bank Co Ltd,上海证券交易所,Shanghai Stock Exchange,SH,600000.SH
2026-05-20,000300,沪深300,CSI 300,600009,上海机场,Shanghai International Airport Co Ltd,上海证券交易所,Shanghai Stock Exchange,SH,600009.SH
2026-05-20,000300,沪深300,CSI 300,600010,包钢股份,Inner Mongolia Baotou Steel Union Co Ltd,上海证券交易所,Shanghai Stock Exchange,SH,600010.SH
2026-05-20,000300,沪深300,CSI 300,600011,华能国际,Huaneng Power International Inc,上海证券交易所,Shanghai Stock Exchange,SH,600011.SH
2026-05-20,000300,沪深300,CSI 300,600015,华夏银行,Hua Xia Bank Co Ltd,上海证券交易所,Shanghai Stock Exchange,SH,600015.SH
2026-05-20,000300,沪深300,CSI 300,600016,民生银行,China Minsheng Banking Corp Ltd,上海证券交易所,Shanghai Stock Exchange,SH,600016.SH
2026-05-20,000300,沪深300,CSI 300,600018,上港集团,Shanghai International Port (Group) Co Ltd,上海证券交易所,Shanghai Stock Exchange,SH,600018.SH
2026-05-20,000300,沪深300,CSI 300,600019,宝钢股份,Baoshan Iron &Steel Co Ltd,上海证券交易所,Shanghai Stock Exchange,SH,600019.SH
2026-05-20,000300,沪深300,CSI 300,600023,浙能电力,"Zhejiang Zheneng Electric Power Co., Ltd.",上海证券交易所,Shanghai Stock Exchange,SH,600023.SH
2026-05-20,000300,沪深300,CSI 300,600025,华能水电,HuanengLancang River Hydropower Inc.,上海证券交易所,Shanghai Stock Exchange,SH,600025.SH
2026-05-20,000300,沪深300,CSI 300,600026,中远海能,"COSCO SHIPPING Energy Transportation Co., Ltd.",上海证券交易所,Shanghai Stock Exchange,SH,600026.SH
2026-05-20,000300,沪深300,CSI 300,600027,华电国际,Huadian Power International Corporation Ltd,上海证券交易所,Shanghai Stock Exchange,SH,600027.SH
2026-05-20,000300,沪深300,CSI 300,600028,中国石化,China Petroleum & Chemical Corporation,上海证券交易所,Shanghai Stock Exchange,SH,600028.SH
2026-05-20,000300,沪深300,CSI 300,600029,南方航空,China Southern Airlines Co Ltd,上海证券交易所,Shanghai Stock Exchange,SH,600029.SH
2026-05-20,000300,沪深300,CSI 300,600030,中信证券,CITIC Securities Co Ltd,上海证券交易所,Shanghai Stock Exchange,SH,600030.SH
2026-05-20,000300,沪深300,CSI 300,600031,三一重工,Sany Heavy Industry Co Ltd,上海证券交易所,Shanghai Stock Exchange,SH,600031.SH
2026-05-20,000300,沪深300,CSI 300,600036,招商银行,China Merchants Bank Co Ltd,上海证券交易所,Shanghai Stock Exchange,SH,600036.SH
2026-05-20,000300,沪深300,CSI 300,600039,四川路桥,Sichuan Road&Bridge Co Ltd,上海证券交易所,Shanghai Stock Exchange,SH,600039.SH
2026-05-20,000300,沪深300,CSI 300,600048,保利发展,"Poly Developments and Holdings Group Co., Ltd.",上海证券交易所,Shanghai Stock Exchange,SH,600048.SH
2026-05-20,000300,沪深300,CSI 300,600050,中国联通,China United Network Communications Co Ltd,上海证券交易所,Shanghai Stock Exchange,SH,600050.SH
2026-05-20,000300,沪深300,CSI 300,600061,国投资本,"SDIC Capital Co., Ltd",上海证券交易所,Shanghai Stock Exchange,SH,600061.SH
2026-05-20,000300,沪深300,CSI 300,600066,宇通客车,Zhengzhou Yutong Bus Co Ltd,上海证券交易所,Shanghai Stock Exchange,SH,600066.SH
2026-05-20,000300,沪深300,CSI 300,600085,同仁堂,Beijing Tongrentang Co Ltd,上海证券交易所,Shanghai Stock Exchange,SH,600085.SH
2026-05-20,000300,沪深300,CSI 300,600089,特变电工,TBEA Co Ltd,上海证券交易所,Shanghai Stock Exchange,SH,600089.SH
2026-05-20,000300,沪深300,CSI 300,600104,上汽集团,SAIC Motor Co Ltd,上海证券交易所,Shanghai Stock Exchange,SH,600104.SH
2026-05-20,000300,沪深300,CSI 300,600111,北方稀土,"China Northern Rare Earth (Group) High-Tech Co.,Ltd",上海证券交易所,Shanghai Stock Exchange,SH,600111.SH
2026-05-20,000300,沪深300,CSI 300,600115,中国东航,"China Eastern Airlines Co., Ltd.",上海证券交易所,Shanghai Stock Exchange,SH,600115.SH
2026-05-20,000300,沪深300,CSI 300,600150,中国船舶,China CSSC Holdings Limited,上海证券交易所,Shanghai Stock Exchange,SH,600150.SH
2026-05-20,000300,沪深300,CSI 300,600160,巨化股份,Zhejiang Ju Hua Co Ltd,上海证券交易所,Shanghai Stock Exchange,SH,600160.SH
2026-05-20,000300,沪深300,CSI 300,600161,天坛生物,Beijing Tiantan Biological Products Co Ltd,上海证券交易所,Shanghai Stock Exchange,SH,600161.SH
2026-05-20,000300,沪深300,CSI 300,600176,中国巨石,"CHINA JUSHI CO., LTD.",上海证券交易所,Shanghai Stock Exchange,SH,600176.SH
2026-05-20,000300,沪深300,CSI 300,600183,生益科技,"Shengyi Technology Co.,Ltd.",上海证券交易所,Shanghai Stock Exchange,SH,600183.SH
2026-05-20,000300,沪深300,CSI 300,600188,兖矿能源,Yankuang Energy Group Company Limited,上海证券交易所,Shanghai Stock Exchange,SH,600188.SH
2026-05-20,000300,沪深300,CSI 300,600196,复星医药,Shanghai Fosun Pharmaceutical (Group) Co Ltd,上海证券交易所,Shanghai Stock Exchange,SH,600196.SH
2026-05-20,000300,沪深300,CSI 300,600219,南山铝业,"Shandong Nanshan Aluminium Co., Ltd.",上海证券交易所,Shanghai Stock Exchange,SH,600219.SH
2026-05-20,000300,沪深300,CSI 300,600233,圆通速递,"YTO Express Group Co.,Ltd.",上海证券交易所,Shanghai Stock Exchange,SH,600233.SH
2026-05-20,000300,沪深300,CSI 300,600276,恒瑞医药,Jiangsu Hengrui Medicine Co Ltd,上海证券交易所,Shanghai Stock Exchange,SH,600276.SH
2026-05-20,000300,沪深300,CSI 300,600309,万华化学,"Wanhua Chemical Group Co., Ltd.",上海证券交易所,Shanghai Stock Exchange,SH,600309.SH
2026-05-20,000300,沪深300,CSI 300,600346,恒力石化,"Hengli Petrochemical Co.,Ltd.",上海证券交易所,Shanghai Stock Exchange,SH,600346.SH
2026-05-20,000300,沪深300,CSI 300,600362,江西铜业,Jiangxi Copper Co Ltd,上海证券交易所,Shanghai Stock Exchange,SH,600362.SH
2026-05-20,000300,沪深300,CSI 300,600372,中航机载,"AVIC Airborne Systems Co., Ltd.",上海证券交易所,Shanghai Stock Exchange,SH,600372.SH
2026-05-20,000300,沪深300,CSI 300,600377,宁沪高速,Jiangsu Expressway Co Ltd,上海证券交易所,Shanghai Stock Exchange,SH,600377.SH
2026-05-20,000300,沪深300,CSI 300,600406,国电南瑞,"NARI Technology Co., Ltd.",上海证券交易所,Shanghai Stock Exchange,SH,600406.SH
2026-05-20,000300,沪深300,CSI 300,600415,小商品城,Zhejiang China Commodities City Group Co Ltd,上海证券交易所,Shanghai Stock Exchange,SH,600415.SH
2026-05-20,000300,沪深300,CSI 300,600426,华鲁恒升,Shandong Hualu-Hengsheng Chemical Co Ltd,上海证券交易所,Shanghai Stock Exchange,SH,600426.SH
2026-05-20,000300,沪深300,CSI 300,600436,片仔癀,Zhangzhou Pientzehuang Pharmaceutical Co Ltd,上海证券交易所,Shanghai Stock Exchange,SH,600436.SH
2026-05-20,000300,沪深300,CSI 300,600438,通威股份,Tongwei Co Ltd,上海证券交易所,Shanghai Stock Exchange,SH,600438.SH
2026-05-20,000300,沪深300,CSI 300,600460,士兰微,Hangzhou Silan Microelectronics Co Ltd,上海证券交易所,Shanghai Stock Exchange,SH,600460.SH
2026-05-20,000300,沪深300,CSI 300,600482,中国动力,"China Shipbuilding Industry Group Power Co.,Ltd",上海证券交易所,Shanghai Stock Exchange,SH,600482.SH
2026-05-20,000300,沪深300,CSI 300,600489,中金黄金,Zhongjin Gold Co Ltd,上海证券交易所,Shanghai Stock Exchange,SH,600489.SH
2026-05-20,000300,沪深300,CSI 300,600515,海南机场,"Hainan Airport Infrastructure Co., Ltd",上海证券交易所,Shanghai Stock Exchange,SH,600515.SH
2026-05-20,000300,沪深300,CSI 300,600519,贵州茅台,Kweichow Moutai Co Ltd,上海证券交易所,Shanghai Stock Exchange,SH,600519.SH
2026-05-20,000300,沪深300,CSI 300,600522,中天科技,Jiangsu Zhongtian Technologies Co Ltd,上海证券交易所,Shanghai Stock Exchange,SH,600522.SH
2026-05-20,000300,沪深300,CSI 300,600547,山东黄金,Shandong Gold-Mining Co Ltd,上海证券交易所,Shanghai Stock Exchange,SH,600547.SH
2026-05-20,000300,沪深300,CSI 300,600570,恒生电子,Hundsun Technologies Inc.,上海证券交易所,Shanghai Stock Exchange,SH,600570.SH
2026-05-20,000300,沪深300,CSI 300,600584,长电科技,"JCET Group Co., Ltd.",上海证券交易所,Shanghai Stock Exchange,SH,600584.SH
2026-05-20,000300,沪深300,CSI 300,600585,海螺水泥,Anhui Conch Cement Co Ltd,上海证券交易所,Shanghai Stock Exchange,SH,600585.SH
2026-05-20,000300,沪深300,CSI 300,600588,用友网络,"Yonyou Network Technology Co., Ltd.",上海证券交易所,Shanghai Stock Exchange,SH,600588.SH
2026-05-20,000300,沪深300,CSI 300,600600,青岛啤酒,Tsingtao Brewery Co Ltd,上海证券交易所,Shanghai Stock Exchange,SH,600600.SH
2026-05-20,000300,沪深300,CSI 300,600660,福耀玻璃,"Fuyao Glass Industry Group Co.,Ltd",上海证券交易所,Shanghai Stock Exchange,SH,600660.SH
2026-05-20,000300,沪深300,CSI 300,600674,川投能源,Sichuan Chuantou Energy Co Ltd,上海证券交易所,Shanghai Stock Exchange,SH,600674.SH
2026-05-20,000300,沪深300,CSI 300,600690,海尔智家,"Haier Smart Home Co., Ltd.",上海证券交易所,Shanghai Stock Exchange,SH,600690.SH
2026-05-20,000300,沪深300,CSI 300,600741,华域汽车,HUAYU Automotive Systems Company Limited,上海证券交易所,Shanghai Stock Exchange,SH,600741.SH
2026-05-20,000300,沪深300,CSI 300,600760,中航沈飞,AVIC SHENYANG AIRCRAFT COMPANY LIMITED,上海证券交易所,Shanghai Stock Exchange,SH,600760.SH
2026-05-20,000300,沪深300,CSI 300,600795,国电电力,GD Power Development Co Ltd,上海证券交易所,Shanghai Stock Exchange,SH,600795.SH
2026-05-20,000300,沪深300,CSI 300,600803,新奥股份,"ENN Ecological Holdings Co., Ltd.",上海证券交易所,Shanghai Stock Exchange,SH,600803.SH
2026-05-20,000300,沪深300,CSI 300,600809,山西汾酒,Shanxi Xinghuacun Fen Wine Factory Co Ltd,上海证券交易所,Shanghai Stock Exchange,SH,600809.SH
2026-05-20,000300,沪深300,CSI 300,600845,宝信软件,Shanghai Baosight Software Co Ltd,上海证券交易所,Shanghai Stock Exchange,SH,600845.SH
2026-05-20,000300,沪深300,CSI 300,600875,东方电气,Dongfang Electric Corporation Limited,上海证券交易所,Shanghai Stock Exchange,SH,600875.SH
2026-05-20,000300,沪深300,CSI 300,600886,国投电力,"SDIC Power Holdings Co.,Ltd.",上海证券交易所,Shanghai Stock Exchange,SH,600886.SH
2026-05-20,000300,沪深300,CSI 300,600887,伊利股份,Inner Mongolia Yili Industrial Group Co Ltd,上海证券交易所,Shanghai Stock Exchange,SH,600887.SH
2026-05-20,000300,沪深300,CSI 300,600893,航发动力,AVIC AVIATION ENGINE CORPORATION PLC.,上海证券交易所,Shanghai Stock Exchange,SH,600893.SH
2026-05-20,000300,沪深300,CSI 300,600900,长江电力,China Yangtze Power Co Ltd,上海证券交易所,Shanghai Stock Exchange,SH,600900.SH
2026-05-20,000300,沪深300,CSI 300,600905,三峡能源,"China Three Gorges Renewables (Group) Co.,Ltd.",上海证券交易所,Shanghai Stock Exchange,SH,600905.SH
2026-05-20,000300,沪深300,CSI 300,600918,中泰证券,"ZHONGTAI SECURITIES CO., LTD.",上海证券交易所,Shanghai Stock Exchange,SH,600918.SH
2026-05-20,000300,沪深300,CSI 300,600919,江苏银行,"Bank of Jiangsu Co., Ltd",上海证券交易所,Shanghai Stock Exchange,SH,600919.SH
2026-05-20,000300,沪深300,CSI 300,600926,杭州银行,"BANK OF HANGZHOU CO., LTD",上海证券交易所,Shanghai Stock Exchange,SH,600926.SH
2026-05-20,000300,沪深300,CSI 300,600930,华电新能,Huadian New Energy Group Corporation Limited,上海证券交易所,Shanghai Stock Exchange,SH,600930.SH
2026-05-20,000300,沪深300,CSI 300,600938,中国海油,CNOOC Limited,上海证券交易所,Shanghai Stock Exchange,SH,600938.SH
2026-05-20,000300,沪深300,CSI 300,600941,中国移动,China Mobile Limited,上海证券交易所,Shanghai Stock Exchange,SH,600941.SH
2026-05-20,000300,沪深300,CSI 300,600958,东方证券,ORIENT SECURITIES COMPANY LIMITED,上海证券交易所,Shanghai Stock Exchange,SH,600958.SH
2026-05-20,000300,沪深300,CSI 300,600989,宝丰能源,"Ningxia Baofeng Energy Group Co., Ltd.",上海证券交易所,Shanghai Stock Exchange,SH,600989.SH
2026-05-20,000300,沪深300,CSI 300,600999,招商证券,China Merchants Securities Co Ltd,上海证券交易所,Shanghai Stock Exchange,SH,600999.SH
2026-05-20,000300,沪深300,CSI 300,601006,大秦铁路,Daqin Railway Co Ltd,上海证券交易所,Shanghai Stock Exchange,SH,601006.SH
2026-05-20,000300,沪深300,CSI 300,601009,南京银行,Bank of Nanjing Co Ltd,上海证券交易所,Shanghai Stock Exchange,SH,601009.SH
2026-05-20,000300,沪深300,CSI 300,601012,隆基绿能,"Longi Green Energy Technology Co., Ltd.",上海证券交易所,Shanghai Stock Exchange,SH,601012.SH
2026-05-20,000300,沪深300,CSI 300,601018,宁波港,Ningbo Port Co Ltd,上海证券交易所,Shanghai Stock Exchange,SH,601018.SH
2026-05-20,000300,沪深300,CSI 300,601021,春秋航空,"Spring Airlines Co., Ltd.",上海证券交易所,Shanghai Stock Exchange,SH,601021.SH
2026-05-20,000300,沪深300,CSI 300,601058,赛轮轮胎,"Sailun Group Co.,Ltd.",上海证券交易所,Shanghai Stock Exchange,SH,601058.SH
2026-05-20,000300,沪深300,CSI 300,601059,信达证券,"CINDA SECURITIES CO., LTD.",上海证券交易所,Shanghai Stock Exchange,SH,601059.SH
2026-05-20,000300,沪深300,CSI 300,601066,中信建投,"China Securities Co., Ltd.",上海证券交易所,Shanghai Stock Exchange,SH,601066.SH
2026-05-20,000300,沪深300,CSI 300,601077,渝农商行,"Chongqing Rural Commercial Bank Co., Ltd.",上海证券交易所,Shanghai Stock Exchange,SH,601077.SH
2026-05-20,000300,沪深300,CSI 300,601088,中国神华,China Shenhua Energy Co Ltd,上海证券交易所,Shanghai Stock Exchange,SH,601088.SH
2026-05-20,000300,沪深300,CSI 300,601100,恒立液压,"Jiangsu Hengli Hydraulic CO., Ltd.",上海证券交易所,Shanghai Stock Exchange,SH,601100.SH
2026-05-20,000300,沪深300,CSI 300,601111,中国国航,Air China Ltd,上海证券交易所,Shanghai Stock Exchange,SH,601111.SH
2026-05-20,000300,沪深300,CSI 300,601117,中国化学,China National Chemical Engineering Co Ltd,上海证券交易所,Shanghai Stock Exchange,SH,601117.SH
2026-05-20,000300,沪深300,CSI 300,601127,赛力斯,"Chongqing Sokon Industry Group Stock Co., Ltd.",上海证券交易所,Shanghai Stock Exchange,SH,601127.SH
2026-05-20,000300,沪深300,CSI 300,601136,首创证券,Capital Securities Corporation Limited,上海证券交易所,Shanghai Stock Exchange,SH,601136.SH
2026-05-20,000300,沪深300,CSI 300,601138,工业富联,"Foxconn Industrial Internet Co., Ltd.",上海证券交易所,Shanghai Stock Exchange,SH,601138.SH
2026-05-20,000300,沪深300,CSI 300,601166,兴业银行,Industrial Bank,上海证券交易所,Shanghai Stock Exchange,SH,601166.SH
2026-05-20,000300,沪深300,CSI 300,601169,北京银行,Bank of Beijing Co Ltd,上海证券交易所,Shanghai Stock Exchange,SH,601169.SH
2026-05-20,000300,沪深300,CSI 300,601186,中国铁建,China Railway Construction Co Ltd,上海证券交易所,Shanghai Stock Exchange,SH,601186.SH
2026-05-20,000300,沪深300,CSI 300,601211,国泰海通,"GUOTAI HAITONG SECURITIES CO., LTD.",上海证券交易所,Shanghai Stock Exchange,SH,601211.SH
2026-05-20,000300,沪深300,CSI 300,601225,陕西煤业,Shaanxi Coal Industry Company Limited,上海证券交易所,Shanghai Stock Exchange,SH,601225.SH
2026-05-20,000300,沪深300,CSI 300,601229,上海银行,"Bank of Shanghai Co., Ltd.",上海证券交易所,Shanghai Stock Exchange,SH,601229.SH
2026-05-20,000300,沪深300,CSI 300,601236,红塔证券,"HONGTA SECURITIES CO., LTD.",上海证券交易所,Shanghai Stock Exchange,SH,601236.SH
2026-05-20,000300,沪深300,CSI 300,601238,广汽集团,"Guangzhou Automobile Group Co., Ltd.",上海证券交易所,Shanghai Stock Exchange,SH,601238.SH
2026-05-20,000300,沪深300,CSI 300,601288,农业银行,Agricultural Bank of China Co Ltd,上海证券交易所,Shanghai Stock Exchange,SH,601288.SH
2026-05-20,000300,沪深300,CSI 300,601298,青岛港,"Qingdao Port International Co., Ltd",上海证券交易所,Shanghai Stock Exchange,SH,601298.SH
2026-05-20,000300,沪深300,CSI 300,601318,中国平安,Ping An Insurance (Group) Company of China Ltd,上海证券交易所,Shanghai Stock Exchange,SH,601318.SH
2026-05-20,000300,沪深300,CSI 300,601319,中国人保,The People's Insurance Company (Group) of China Limited,上海证券交易所,Shanghai Stock Exchange,SH,601319.SH
2026-05-20,000300,沪深300,CSI 300,601328,交通银行,Bank of Communications Co LTD,上海证券交易所,Shanghai Stock Exchange,SH,601328.SH
2026-05-20,000300,沪深300,CSI 300,601336,新华保险,New China Life Insurance Co Ltd,上海证券交易所,Shanghai Stock Exchange,SH,601336.SH
2026-05-20,000300,沪深300,CSI 300,601360,三六零,360 Security Technology Inc.,上海证券交易所,Shanghai Stock Exchange,SH,601360.SH
2026-05-20,000300,沪深300,CSI 300,601377,兴业证券,Industrial Securities Co Ltd,上海证券交易所,Shanghai Stock Exchange,SH,601377.SH
2026-05-20,000300,沪深300,CSI 300,601390,中国中铁,China Railway Group Limited,上海证券交易所,Shanghai Stock Exchange,SH,601390.SH
2026-05-20,000300,沪深300,CSI 300,601398,工商银行,Industrial and Commercial Bank of China Ltd,上海证券交易所,Shanghai Stock Exchange,SH,601398.SH
2026-05-20,000300,沪深300,CSI 300,601456,国联民生,Guolian Minsheng Securities Company Limited,上海证券交易所,Shanghai Stock Exchange,SH,601456.SH
2026-05-20,000300,沪深300,CSI 300,601600,中国铝业,Aluminum Corporation of China Limited,上海证券交易所,Shanghai Stock Exchange,SH,601600.SH
2026-05-20,000300,沪深300,CSI 300,601601,中国太保,China Pacific Insurance (Group) Co Ltd,上海证券交易所,Shanghai Stock Exchange,SH,601601.SH
2026-05-20,000300,沪深300,CSI 300,601607,上海医药,"Shanghai Pharmaceuticals Holding Co.,Ltd",上海证券交易所,Shanghai Stock Exchange,SH,601607.SH
2026-05-20,000300,沪深300,CSI 300,601618,中国中冶,Metallurgical Corporation of China Co Ltd,上海证券交易所,Shanghai Stock Exchange,SH,601618.SH
2026-05-20,000300,沪深300,CSI 300,601628,中国人寿,China Life Insurance Company Limited,上海证券交易所,Shanghai Stock Exchange,SH,601628.SH
2026-05-20,000300,沪深300,CSI 300,601633,长城汽车,Great Wall Motor Co Ltd,上海证券交易所,Shanghai Stock Exchange,SH,601633.SH
2026-05-20,000300,沪深300,CSI 300,601658,邮储银行,"POSTAL SAVINGS BANK OF CHINA CO., LTD.",上海证券交易所,Shanghai Stock Exchange,SH,601658.SH
2026-05-20,000300,沪深300,CSI 300,601668,中国建筑,China State Construction Engineering Co Ltd,上海证券交易所,Shanghai Stock Exchange,SH,601668.SH
2026-05-20,000300,沪深300,CSI 300,601669,中国电建,"Power Construction Corporation of China,Ltd",上海证券交易所,Shanghai Stock Exchange,SH,601669.SH
2026-05-20,000300,沪深300,CSI 300,601688,华泰证券,Huatai Securities Co Ltd,上海证券交易所,Shanghai Stock Exchange,SH,601688.SH
2026-05-20,000300,沪深300,CSI 300,601689,拓普集团,"Ningbo Tuopu Group Co., Ltd.",上海证券交易所,Shanghai Stock Exchange,SH,601689.SH
2026-05-20,000300,沪深300,CSI 300,601698,中国卫通,"China Satellite Communications Co.,Ltd.",上海证券交易所,Shanghai Stock Exchange,SH,601698.SH
2026-05-20,000300,沪深300,CSI 300,601728,中国电信,China Telecom Corporation Limited,上海证券交易所,Shanghai Stock Exchange,SH,601728.SH
2026-05-20,000300,沪深300,CSI 300,601766,中国中车,CRRC Corporation Limited,上海证券交易所,Shanghai Stock Exchange,SH,601766.SH
2026-05-20,000300,沪深300,CSI 300,601788,光大证券,Everbright Securities Co Ltd,上海证券交易所,Shanghai Stock Exchange,SH,601788.SH
2026-05-20,000300,沪深300,CSI 300,601800,中国交建,China Communications Construction Company Limited,上海证券交易所,Shanghai Stock Exchange,SH,601800.SH
2026-05-20,000300,沪深300,CSI 300,601808,中海油服,China Oilfield Services Limited,上海证券交易所,Shanghai Stock Exchange,SH,601808.SH
2026-05-20,000300,沪深300,CSI 300,601816,京沪高铁,"Beijing-Shanghai High Speed Railway Co.,Ltd",上海证券交易所,Shanghai Stock Exchange,SH,601816.SH
2026-05-20,000300,沪深300,CSI 300,601818,光大银行,China Everbright Bank Co Ltd,上海证券交易所,Shanghai Stock Exchange,SH,601818.SH
2026-05-20,000300,沪深300,CSI 300,601825,沪农商行,"Shanghai Rural Commercial Bank Co.,Ltd.",上海证券交易所,Shanghai Stock Exchange,SH,601825.SH
2026-05-20,000300,沪深300,CSI 300,601838,成都银行,"BANK OF CHENGDU CO., LTD.",上海证券交易所,Shanghai Stock Exchange,SH,601838.SH
2026-05-20,000300,沪深300,CSI 300,601857,中国石油,PetroChina Co Ltd,上海证券交易所,Shanghai Stock Exchange,SH,601857.SH
2026-05-20,000300,沪深300,CSI 300,601868,中国能建,China Energy Engineering Corporation Limited,上海证券交易所,Shanghai Stock Exchange,SH,601868.SH
2026-05-20,000300,沪深300,CSI 300,601872,招商轮船,"China Merchants Energy Shipping Co., Ltd.",上海证券交易所,Shanghai Stock Exchange,SH,601872.SH
2026-05-20,000300,沪深300,CSI 300,601877,正泰电器,Zhejiang Chint Electrics Co Ltd,上海证券交易所,Shanghai Stock Exchange,SH,601877.SH
2026-05-20,000300,沪深300,CSI 300,601878,浙商证券,"ZHESHANG SECURITIES CO., LTD.",上海证券交易所,Shanghai Stock Exchange,SH,601878.SH
2026-05-20,000300,沪深300,CSI 300,601881,中国银河,"China Galaxy Securities Co., Ltd.",上海证券交易所,Shanghai Stock Exchange,SH,601881.SH
2026-05-20,000300,沪深300,CSI 300,601888,中国中免,China Tourism Group Duty Free Corporation Limited,上海证券交易所,Shanghai Stock Exchange,SH,601888.SH
2026-05-20,000300,沪深300,CSI 300,601898,中煤能源,China Coal Energy Co Ltd,上海证券交易所,Shanghai Stock Exchange,SH,601898.SH
2026-05-20,000300,沪深300,CSI 300,601899,紫金矿业,Zijin Mining Group Co Ltd,上海证券交易所,Shanghai Stock Exchange,SH,601899.SH
2026-05-20,000300,沪深300,CSI 300,601901,方正证券,Founder Securities Co Ltd,上海证券交易所,Shanghai Stock Exchange,SH,601901.SH
2026-05-20,000300,沪深300,CSI 300,601916,浙商银行,"CHINA ZHESHANG BANK CO.,LTD",上海证券交易所,Shanghai Stock Exchange,SH,601916.SH
2026-05-20,000300,沪深300,CSI 300,601919,中远海控,"COSCO SHIPPING Holdings Co., Ltd.",上海证券交易所,Shanghai Stock Exchange,SH,601919.SH
2026-05-20,000300,沪深300,CSI 300,601939,建设银行,China Construction Bank,上海证券交易所,Shanghai Stock Exchange,SH,601939.SH
2026-05-20,000300,沪深300,CSI 300,601985,中国核电,"China National Nuclear Power Co.,Ltd.",上海证券交易所,Shanghai Stock Exchange,SH,601985.SH
2026-05-20,000300,沪深300,CSI 300,601988,中国银行,Bank of China Ltd,上海证券交易所,Shanghai Stock Exchange,SH,601988.SH
2026-05-20,000300,沪深300,CSI 300,601995,中金公司,China International Capital Corporation Limited,上海证券交易所,Shanghai Stock Exchange,SH,601995.SH
2026-05-20,000300,沪深300,CSI 300,601998,中信银行,China Citic Bank Corporation Limited,上海证券交易所,Shanghai Stock Exchange,SH,601998.SH
2026-05-20,000300,沪深300,CSI 300,603019,中科曙光,"Dawning Information Industry Co., Ltd.",上海证券交易所,Shanghai Stock Exchange,SH,603019.SH
2026-05-20,000300,沪深300,CSI 300,603195,公牛集团,"GONGNIU GROUP CO., LTD.",上海证券交易所,Shanghai Stock Exchange,SH,603195.SH
2026-05-20,000300,沪深300,CSI 300,603259,药明康德,"WuXi AppTec Co., Ltd.",上海证券交易所,Shanghai Stock Exchange,SH,603259.SH
2026-05-20,000300,沪深300,CSI 300,603260,合盛硅业,"HOSHINE SILICON INDUSTRY CO.,LTD",上海证券交易所,Shanghai Stock Exchange,SH,603260.SH
2026-05-20,000300,沪深300,CSI 300,603288,海天味业,Foshan Haitian Flavouring and Food Company Ltd.,上海证券交易所,Shanghai Stock Exchange,SH,603288.SH
2026-05-20,000300,沪深300,CSI 300,603296,华勤技术,"Huaqin Technology Co., Ltd.",上海证券交易所,Shanghai Stock Exchange,SH,603296.SH
2026-05-20,000300,沪深300,CSI 300,603369,今世缘,"Jiangsu King's Luck Brewery Joint-Stock Co., Ltd.",上海证券交易所,Shanghai Stock Exchange,SH,603369.SH
2026-05-20,000300,沪深300,CSI 300,603392,万泰生物,"BEIJING WANTAI BIOLOGICAL PHARMACY ENTERPRISE CO., LTD.",上海证券交易所,Shanghai Stock Exchange,SH,603392.SH
2026-05-20,000300,沪深300,CSI 300,603501,豪威集团,"Omni Vision Integrated Circuits Group, Inc.",上海证券交易所,Shanghai Stock Exchange,SH,603501.SH
2026-05-20,000300,沪深300,CSI 300,603799,华友钴业,"ZHEJIANG HUAYOU COBALT CO., LTD.",上海证券交易所,Shanghai Stock Exchange,SH,603799.SH
2026-05-20,000300,沪深300,CSI 300,603893,瑞芯微,"Fuzhou Rockchip Electronics Co., Ltd.",上海证券交易所,Shanghai Stock Exchange,SH,603893.SH
2026-05-20,000300,沪深300,CSI 300,603986,兆易创新,GigaDevice Semiconductor (Beijing) Inc.,上海证券交易所,Shanghai Stock Exchange,SH,603986.SH
2026-05-20,000300,沪深300,CSI 300,603993,洛阳钼业,"China Molybdenum Co., Ltd.",上海证券交易所,Shanghai Stock Exchange,SH,603993.SH
2026-05-20,000300,沪深300,CSI 300,605117,德业股份,"Ningbo Deye Technology Co., Ltd.",上海证券交易所,Shanghai Stock Exchange,SH,605117.SH
2026-05-20,000300,沪深300,CSI 300,605499,东鹏饮料,"Eastroc Beverage (Group) Co.,Ltd.",上海证券交易所,Shanghai Stock Exchange,SH,605499.SH
2026-05-20,000300,沪深300,CSI 300,688008,澜起科技,"Montage Technology Co., Ltd.",上海证券交易所,Shanghai Stock Exchange,SH,688008.SH
2026-05-20,000300,沪深300,CSI 300,688009,中国通号,China Railway Signal & Communication Corporation Limited,上海证券交易所,Shanghai Stock Exchange,SH,688009.SH
2026-05-20,000300,沪深300,CSI 300,688012,中微公司,Advanced Micro-Fabrication Equipment Inc. China,上海证券交易所,Shanghai Stock Exchange,SH,688012.SH
2026-05-20,000300,沪深300,CSI 300,688036,传音控股,"SHENZHEN TRANSSION HOLDINGS CO., LTD.",上海证券交易所,Shanghai Stock Exchange,SH,688036.SH
2026-05-20,000300,沪深300,CSI 300,688041,海光信息,"Hygon Information Technology Co., Ltd.",上海证券交易所,Shanghai Stock Exchange,SH,688041.SH
2026-05-20,000300,沪深300,CSI 300,688047,龙芯中科,Loongson Technology Corporation Limited,上海证券交易所,Shanghai Stock Exchange,SH,688047.SH
2026-05-20,000300,沪深300,CSI 300,688082,盛美上海,"ACM Research (Shanghai) ,Inc.",上海证券交易所,Shanghai Stock Exchange,SH,688082.SH
2026-05-20,000300,沪深300,CSI 300,688111,金山办公,"Beijing Kingsoft Office Software, Inc.",上海证券交易所,Shanghai Stock Exchange,SH,688111.SH
2026-05-20,000300,沪深300,CSI 300,688126,沪硅产业,"National Silicon Industry Group Co.,Ltd.",上海证券交易所,Shanghai Stock Exchange,SH,688126.SH
2026-05-20,000300,沪深300,CSI 300,688169,石头科技,"Beijing Roborock Technology Co., Ltd.",上海证券交易所,Shanghai Stock Exchange,SH,688169.SH
2026-05-20,000300,沪深300,CSI 300,688187,时代电气,"Zhuzhou CRRC Times Electric Co., Ltd.",上海证券交易所,Shanghai Stock Exchange,SH,688187.SH
2026-05-20,000300,沪深300,CSI 300,688223,晶科能源,"Jinko Solar Co., Ltd.",上海证券交易所,Shanghai Stock Exchange,SH,688223.SH
2026-05-20,000300,沪深300,CSI 300,688256,寒武纪,Cambricon Technologies Corporation Limited,上海证券交易所,Shanghai Stock Exchange,SH,688256.SH
2026-05-20,000300,沪深300,CSI 300,688271,联影医疗,"Shanghai United Imaging Healthcare Co., Ltd.",上海证券交易所,Shanghai Stock Exchange,SH,688271.SH
2026-05-20,000300,沪深300,CSI 300,688303,大全能源,"XinJiang Daqo New Energy Co.,Ltd",上海证券交易所,Shanghai Stock Exchange,SH,688303.SH
2026-05-20,000300,沪深300,CSI 300,688396,华润微,China Resources Microelectronics Limited,上海证券交易所,Shanghai Stock Exchange,SH,688396.SH
2026-05-20,000300,沪深300,CSI 300,688472,阿特斯,"CSI Solar Co., Ltd.",上海证券交易所,Shanghai Stock Exchange,SH,688472.SH
2026-05-20,000300,沪深300,CSI 300,688506,百利天恒,"Sichuan Biokin Pharmaceutical Co.,Ltd.",上海证券交易所,Shanghai Stock Exchange,SH,688506.SH
2026-05-20,000300,沪深300,CSI 300,688981,中芯国际,Semiconductor Manufacturing International Corporation,上海证券交易所,Shanghai Stock Exchange,SH,688981.SH
